,momentum_12_1,vol_ann,ret_3m,ret_1y,beta,pe,roa,log_mcap,score
VLO,1.2221623895833198,0.3488691924832142,0.5333678722009958,2.0702375397653023,0.568,16.28786,0.105579995,25.445442216767397,4.597195828059317
NVDA,0.2732819131605586,0.4023801165987974,0.06669722286781954,0.8371304103105861,2.217,27.631645,0.53572,29.293250400133168,4.52778350879165
MU,5.318353007284654,0.9399178958218188,-0.020544844633309522,10.253223336409802,2.222,22.024843,0.3487,27.727650441335783,4.2852879787612554
MPC,0.9819707663164641,0.34278096942203373,0.5222350178372701,1.549878233600058,0.527,13.7380295,0.087390006,25.434478875475563,4.0905316616018395
MA,-0.030840128908596776,0.2173953508424282,0.1719062955910109,0.1705371994394842,0.735,31.343061,0.24063,26.93510224626471,3.4037393066131285
AAPL,0.3319463608083322,0.3185130863275699,0.1249080469840651,0.5040153774534926,1.085,38.148106,0.27082002,29.209836481650154,3.3531140113835445
PSX,0.7977183540443327,0.30659480947336915,0.46461063712265416,1.2055273767998451,0.704,14.818389,0.06036,25.367951014014555,3.2378924442139008
V,0.07244090144362758,0.20393640857721063,0.16326038950311106,0.3177106502543716,0.761,31.554516,0.1911,27.26234252478209,3.000284935680063
MRK,0.6451167372209259,0.37078737583687166,0.20043908961509538,0.3341762403062811,0.226,115.144,0.11868,26.595665277616376,2.396664665757849
NEM,0.4440876986246378,0.4559485784919717,0.30212090426568716,1.4690790235001057,0.543,15.991173,0.15755,25.6182561524325,2.231715192565056
JNJ,0.4939547356901357,0.2553048744375841,0.1198330517405779,0.7027669173638484,0.235,30.774042,0.08595,27.18476657596996,2.1480673868185063
LLY,0.6063945507735824,0.33028405908188896,-0.037599560193002035,0.20994494373707728,0.502,37.452164,0.20357001,27.625923925859126,2.0907672292767066
COP,0.3555151789686364,0.29283899311893846,0.19856197116925167,0.42127003202186675,0.134,18.192053,0.07533,25.82923377343107,1.9537525205929644
XOM,0.44602235695493,0.25495730769737734,0.13959620640266968,0.5910861145925554,0.175,21.362936,0.055209998,27.24908150819335,1.9103089898785313
ABBV,0.17428558222675883,0.29229553328100744,0.1520671705129717,0.41520137789383416,0.281,72.42817,0.105100006,26.842158283240284,1.8456313344671453
CVX,0.2872826094799945,0.24911706793155478,0.16202844123701854,0.6707589353503485,0.491,20.62235,0.05861,26.76328437130768,1.5480580509556594
MSFT,-0.0019623384308810055,0.4300915071774791,0.2721294926115181,0.17906179930878752,1.108,27.62709,0.14088,28.93402170119108,1.5067857557543993
TMO,0.21703339802405042,0.2960898591149263,0.28333540344508545,-0.0001930308749331644,0.854,32.786022,0.05129,26.14149417338534,1.368189046707389
PFE,0.1536421181094707,0.22115445642473006,0.07775810200540323,0.08866712266059329,0.299,36.473682,0.05784,25.78582885973954,1.047762130209781
SCHW,0.18312334526230511,0.23556751190547803,0.21265776551521398,0.7819190409472692,0.753,19.53552,0.020680001,25.946165744872825,0.9705151645492134
RTX,0.4146000237116698,0.27207811011407446,0.07668784057998002,0.7038628624577707,0.287,34.864197,0.04212,26.308357907612063,0.954000161460951
TGT,0.7679976302957836,0.3339604394895784,0.18385165586620356,0.13443054279954492,0.986,16.148188,0.05689,24.983026815214924,0.9417978974873867
ROST,0.6315166679072362,0.2776826523325113,-0.033139717591048834,0.5408793515046062,0.861,27.934624,0.12785,25.027561040754186,0.7826158337827948
JPM,0.2110764793573059,0.20033158611639057,0.14145526306448297,0.7966962366940267,0.975,15.269182,0.0136,27.576486502389745,0.781629976012209
BAC,0.2832289650128974,0.17669929792832345,0.14231052777256825,0.6898674321785425,1.164,14.47806,0.00969,26.80634141917883,0.6662264442058194
OXY,0.2729272392591253,0.3249336403386745,0.11307039056881907,0.25481634041619916,0.164,18.129793,0.046830002,24.841289658424742,0.5861512160643253
MCD,-0.10099021617541182,0.2227498880217578,-0.10691097120118376,-0.09331006189998203,0.414,20.530893,0.1325,25.908978254537498,0.40770240755265924
DE,0.30137032409176157,0.3405135924078843,0.19142423491086147,0.7928848634323564,0.911,37.603786,0.03759,25.928352525051647,0.37567367638200305
GOOGL,0.44376457601555797,0.3606086490512328,-0.0532532095764755,1.2036133044828423,1.225,16.975927,0.12958999,29.05167658851834,0.2824791979166569
SBUX,0.3439080451034606,0.2159276487842559,-0.029065215106403697,0.04593962473360613,0.965,57.07514,0.08022001,25.446784244692015,0.24619273945215528
ECL,0.015733140939401702,0.2158267479573883,0.05045972512602215,0.12450337840608428,0.89,37.021446,0.07233,25.07252583871508,0.23942053690856924
LMT,0.29520355671422926,0.3507144981512045,-0.038725197866382954,-0.027116116969059467,0.104,19.342804,0.08638,25.518876222712038,0.17374435949604788
ABT,-0.1417876923895316,0.3294425495827453,0.14531108888201127,-0.09003639911604855,0.586,32.993526,0.05328,25.896091257434623,0.1079010787781536
KMI,0.2103600770783125,0.21705531419501184,-0.00674591444812489,0.6011988163054691,0.551,19.909678,0.04453,24.953293254935534,0.08631468532133749
NOC,-0.002546330336828495,0.28044879911404497,-0.05645006649278517,0.03498533118224745,-0.11,16.501429,0.07148,25.02362737124583,0.0792069642487434
WMB,0.2701315209567843,0.27732808790704555,0.03212644685155652,0.741483190527418,0.618,29.023905,0.05032,25.213112158795667,0.06836235772187768
COST,0.003258196213835829,0.20141584805180637,-0.07121262976471221,-0.0003398119239794717,0.855,45.46583,0.086660005,26.71784134670814,0.06308191896991192
WFC,0.10807858208975274,0.2330542004000479,0.10204336100898814,0.8287962889059919,0.916,13.123547,0.0107700005,26.33287273661607,0.013845735610142955
META,-0.20506054448363698,0.46847362399200615,0.14109155182748023,0.24121043609031,1.243,24.389538,0.14591,28.13231777744886,0.009673879899295357
ADBE,-0.22838396903860791,0.49289873476392304,0.15278789858093944,-0.5699769823939247,1.417,14.083194,0.19926001,25.33104682238968,-0.11066008723520152
CRM,-0.17543308716052108,0.6109994595898658,0.488254765770479,-0.008226042614583262,1.202,22.684982,0.05704,26.04076586767281,-0.12639659692128694
UNH,0.15875558258881828,0.23739305561365884,-0.05990588630965099,-0.3260042340882847,0.622,24.394466,0.04871,26.55300291613884,-0.16885851836872856
HD,-0.17621729348858461,0.2747334117671482,-0.04599498253013712,-0.1319876878197359,0.955,21.605318,0.121379994,26.453452210664405,-0.1891731671942377
APD,0.06499421880952272,0.2693012606085773,0.05436630171467405,0.09502584031180383,0.754,,0.047319997,24.896071012667726,-0.21654164975092613
EMR,0.209175683844796,0.30133973439063877,0.07471410328949712,0.5490046513202631,1.233,33.301968,0.068969995,25.164640778870165,-0.2612830838068091
LIN,-0.0010212233572701734,0.20764090931274373,-0.0925125783361549,0.02408793438746404,0.727,30.117573,0.07164,26.0935231813488,-0.2796969366364871
WMT,0.1341023366001095,0.28322182158092973,-0.10865959379822432,0.3696423789340355,0.595,38.822464,0.06414,27.471683196454144,-0.4156294683091041
AXP,0.05467561253893205,0.2407435575310023,0.022257559001478855,0.30011503688781116,1.048,19.690115,0.037920002,26.113553042859223,-0.423312153234221
TJX,0.10549264711527173,0.23509345569485046,-0.24903397368342084,0.09259638747238697,0.593,23.2939,0.13543001,25.654992951814947,-0.46077230817818743
SHW,-0.012319734010395766,0.3211427769541466,0.022617579734796722,-0.11992319551068908,1.089,29.853186,0.09516,25.08618781917898,-0.5399798866070029
AVGO,0.17031774633632635,0.4262552548775698,-0.059670330550189776,1.2411149414993532,1.457,46.054707,0.15369001,28.177989446155568,-0.5874298532396902
C,0.43356420845394905,0.26867913639939384,0.010543849546984507,1.5485839049715788,1.097,14.975189,0.0066299997,26.173710957031048,-0.616625689728933
DHR,0.05243991575524909,0.3821296538935791,0.10932698609397384,-0.25619549998667357,0.808,35.739285,0.03949,25.669864769455216,-0.6189753917869142
LOW,-0.1824411449749963,0.2809469086119707,-0.10411048168419057,-0.18766429291352937,0.846,16.637363,0.12519,25.427617360782932,-0.6202805873458247
MS,0.42721467926503953,0.2789863733501668,0.01363730121963802,1.3363639840690453,1.207,17.330639,0.01345,26.54245226984986,-0.6281912492382958
SLB,0.4725906653082639,0.4064032260013876,0.006265694449855808,0.48635700055081754,0.774,27.346342,0.06172,25.144526083151927,-0.6764856868614706
BLK,0.05975200070354414,0.27939287663360474,0.06749154074593533,0.2714908650112522,1.429,25.841312,0.03737,25.89043426155056,-0.7886871700146495
GE,0.2873685078589441,0.28947392942419686,-0.026134621573959627,0.9292917441152704,1.35,38.167454,0.05065,26.539833617305653,-0.7971795127125707
CAT,0.9989167237832663,0.4229846863428467,-0.0863846668743935,1.4707365913253367,1.594,35.207314,0.090299994,26.65358890805184,-0.8657293596794687
AMZN,0.15298981692306235,0.4379715294769838,0.06322721468998549,0.3731550736860796,1.443,20.658085,0.06589,28.64976353273104,-0.8922986827200448
TXN,0.5216220188827267,0.4485896096724978,-0.09096003719266421,0.4488605855661285,1.314,40.83587,0.13059,26.226113217006386,-0.9688230976667933
NFLX,-0.34989614577690664,0.3769604791280352,-0.04761898950463006,0.12696565494985856,1.526,24.339622,0.16084999,26.498714318955315,-1.1128560441787176
LRCX,1.9319534419404856,0.7994182092127523,-0.1767900155450065,3.0569387010150466,1.859,51.774303,0.22840999,26.645297051693078,-1.2366790841141764
GS,0.3481774710766532,0.35088898898816495,-0.0013705470841139933,1.258860140136493,1.283,15.897128,0.010720001,26.42594031026244,-1.3950410976047964
AMAT,2.155582796261691,0.7817249648353541,-0.17309980494831168,1.531471098406029,1.597,39.38654,0.15482001,26.61565363469667,-1.4700833149445014
HON,0.11761893250387168,0.3134216374367289,-0.1167889069368937,0.04100152870691809,0.901,7.783077,0.0572,24.88427133838253,-1.496195592945485
AMD,2.1027816242499378,0.70818545246325,0.056669038763477175,2.423293694083199,2.476,131.66582,0.05128,27.459721811711567,-1.593379295329564
PPG,0.05278091454966649,0.3020696943283297,-0.10219755555049126,-0.11625804216854008,1.063,15.136299,0.060489997,23.8782493093371,-1.7027332371304156
EMN,0.14007536925594177,0.2865930023945815,-0.060567533210984514,-0.25583422700383995,1.087,17.73698,0.03549,22.77569407050386,-1.7578974134143757
INTC,3.2486791940433077,0.7701304898009667,-0.11987001327642521,4.317148718805591,2.231,,0.0141199995,27.022493844003943,-1.944008883026512
DOW,0.25871178795821614,0.363840035833252,-0.1267651928851823,-0.34789740878431497,0.424,,0.012999999,23.766337311674818,-1.9776462765569995
KLAC,1.1918711083710956,0.7674745720729417,-0.250119575620091,1.500645153113628,1.444,49.220707,0.20799999,26.187159574698217,-2.3267449042904325
BA,0.04700211864039394,0.3323491561765166,-0.05044446910733846,0.29292861967349726,1.213,75.70144,-0.01984,25.837259842057858,-2.35116927399828
QCOM,0.035918073765784264,0.4836575959677462,-0.09853976665383901,0.15129503466265581,1.679,20.796572,0.11612,25.992952069549187,-2.3911995391898833
ISRG,-0.1197324039904687,0.4736273902845766,-0.10595786061205004,-0.2527479472093661,1.465,42.382317,0.10512,25.608022974610993,-2.5621193760304704
NKE,-0.4330367418906962,0.3189686959872764,-0.19080996433973652,-0.5043768090923944,1.11,17.52381,0.06971,24.723166994113065,-2.7342739260697635
CE,-0.052565766356405086,0.4030528260985839,-0.10738988409131678,-0.6117838420923634,0.755,,0.02565,22.344301843509978,-2.8957581685974816
LULU,-0.27880324261695677,0.5213841044056821,-0.18770515269685073,-0.6195510277246092,0.864,8.145679,0.14401,23.117241712386427,-2.9572974375637155
TSLA,-0.07822457713861775,0.5616078840806055,-0.08445444562331728,0.5901832223301406,1.845,332.21817,0.019299999,27.997968973507998,-3.9085693561045196
ORCL,-0.4867779335897463,0.5577282362404729,-0.18086466590963968,-0.048312990736639305,1.732,23.517998,0.06357,26.79371986370258,-4.54559633511737
FMC,-0.7245781496650274,0.6683902608576612,0.018596351182494475,-0.8001705454243944,0.418,,0.0058099995,21.079250686825002,-4.767809516464615
